{
  "receptor_pdb": "data/prepped/q8izl9_md.pdb",
  "fpocket_id": 22,
  "rank": 1,
  "score": -0.166,
  "druggability_score": 0.646,
  "n_alpha_spheres": 95,
  "volume": 794.05,
  "residues": [
    "A:10",
    "A:11",
    "A:12",
    "A:13",
    "A:14",
    "A:15",
    "A:18",
    "A:31",
    "A:33",
    "A:51",
    "A:65",
    "A:81",
    "A:82",
    "A:84",
    "A:127",
    "A:129",
    "A:131",
    "A:132",
    "A:134",
    "A:144",
    "A:145",
    "A:147",
    "A:148",
    "A:305"
  ],
  "center": [
    -2.965863157894737,
    5.493905263157895,
    11.234894736842106
  ]
}